Rank,User,Contribs
,baimamboukar,2871
,stephane888,2261
,TabotCharlesBessong,2182
,Tomdieu,1858
,KaptainCS3,1829
,bpsmartdesign,1705
,asteve12335,1469
,momo-87,1410
,Fombi-Favour,1311
,H3c7o4,1271
,Level237,1241
,SireME,1234
,idrissjuanito,1212
,Leo-Youmbi,1098
,krisbobo,1015
,ln-dev7,1004
,YannKamche,1004
,noelfoka,994
,anyepeter,922
,sherlockwisdom,920
,Ihimbru-K,903
,Messi002,892
,ngimdock,880
,dazehinn,878
,NalianAchei2020,867
,DarkShadowCoder,830
,Pattykev,826
,tab1tha,812
,citec-47,806
,Asam237,792
,soulemanou-software,779
,kamicodaxe,759
,ndorrh,758
,miltonHenschel,742
,Miguel-Florian,715
,ernestmusong,696
,vanelnw,694
,njiddasalifu,691
,mofirojean,690
,Kimbohlovette,680
,kemanedonfack,680
,Datagirlcmr,652
,Mimi97-aqua,644
,codeurzebs,634
,Mihndim2020,626
,clint360,612
,BLADEHEDA,602
,kelton-glitch,599
,Ngufor-emmanuella,599
,NkwiCyril,593
,MbiamouRichy,572
,Payne680,571
,dilane3,567
,divine016,566
,Vanessa-Kris,563
,saintbassanaga,561
,Marcraphael12,561
,tatouroberto,550
,fitz95,546
,MeryAmun,544
,duclairdeugoue,541
,Ekep-Obasi,528
,Gmarvis,528
,tem-ctrl,526
,NyuydineBill,515
,Rudy-Menekam,510
,elad237,494
,ngalamac,493
,PromiseFru,489
,matzolla,479
,code-env,479
,jacksonarrey,478
,dev-scott,471
,kenrique100,470
,kadjialan,468
,ClarenceAtim,456
,SFarida,451
,kivenalaric,450
,ayeahgodlove,450
,Meshavegas,439
,JosiasAurel,435
,enowdivine,432
,ngdream,429
,JuniorDCoder,426
,NoubissiViany,426
,andrewthebest,425
,andrew21-mch,424
,janWICKEDpro,422
,LivingstonTardzenyuy,419
,BorisGautier,418
,Abate-Mony,406
,Ndzenyuy,406
,Dezzy12,405
,menoc61,397
,tantohtelmah,395
,Neba-Emmanuel,391
,Chenwi32,390
,miamo19,384
,vanina123,380
,the-prince237,375
,charizardmigo,370
,mzirkof,362
,LontchiFrank,358
,elhmn,353
,shekinahmanyi,351
,marrious11,348
,Hassan-Djidda,347
,axcell-0,344
,Fomonyuytar-Joseph,338
,moforemmanuel,338
,TilStack,336
,Wils-FOURR-speed,331
,tcheukueppo,324
,calebrussel77,322
,DJIEUGA,308
,4kpros,308
,Djoufson,308
,Noumbi-joel,308
,zenith-noble01,308
,ABI-DAVID-LIVING-STONE,304
,gwagsi,297
,Evar-SF27,290
,pythonbrad,285
,Blackysynch,284
,Gleennkar,284
,xennia316,280
,Theophileaseh,280
,tekeuange23,278
,frankzohim,275
,alessandrini11,268
,BrownofDarkness,264
,amostinanfon,263
,AlphonseBrandon,260
,Agbortoko,259
,BertinAm,257
,eugeneegbe,256
,trey-rosius,255
,Ghislain1,251
,arnaudnjita,249
,CIPHER0930,249
,Franklin-Ngueiwoh,246
,Christabelle143,244
,arolleaguekeng,243
,sofoste93,243
,donaldte,242
,Lenked,242
,ankain-lesly,240
,N-Elmer,233
,yalnguembu,231
,Serge-NSN,229
,tsopsericado,227
,nguneonard,224
,vani-gold,223
,Xander1936,222
,kingmuanza,222
,mystroken,221
,Rodern,221
,Tedjoulemohermann,220
,valerymelou,218
,Ronaldyika,215
,davdev14,214
,nd31pr0,212
,Ojage,211
,chelsea-banke,211
,abanseka,210
,donalawa,209
,sudo-001,209
,enowmbi,208
,WakHerv7,204
,xSavitar,203
,lambiv-dzenyuy,203
,yanouyehiel,203
,Eyongkevin,202
,blessdarah,199
,QUIN04,198
,KN237,197
,kamda-cyrial,197
,Jspascal,196
,vernyuy,196
,Young-Gaius,194
,nfor2000,192
,eraloop,192
,cameldjoulako,191
,Shermine237,191
,axelthereal,189
,Justin-Jordan,189
,Starland9,184
,sidikfaha,183
,juayuohcarineneng19,179
,ketchanji,178
,AYAM-BLESS,174
,Nsairun,173
,Ngai-E,171
,flocod,171
,Njong392,171
,ariel996,170
,NjimsRane,169
,YOUNKAP,169
,michaelnji,169
,wandji20,169
,StevyMarlino,168
,Blair2004,167
,Hakimicoder,164
,brondonnono,160
,SlowedWalk,160
,ntet2001,159
,Ndifoinhilary,159
,NembotJules,158
,kimbengfaith,157
,chendjou237,157
,KambangSinclaire,156
,baloukaulrich6,155
,adrienpayong,154
,tizibienvenus,154
,cfotsok,153
,cyber237,153
,ValereTamwo,152
,brandontanyu,152
,neilfeuha,151
,Oben-Desmond,150
,patbi,149
,Tadjaur,148
,FonNkwenti,148
,chiche-ds,148
,clintjason,145
,Glenn-Po,145
,J-Massoda,144
,xadina02,143
,Sundze7,142
,ataubombakwa,141
,Ngumbutlar,140
,CodeBoy722,140
,Sir-Deon,140
,DanielGraham123,140
,will-oracions,139
,HanslettTheDev,139
,Porshcoder,137
,timo-tech19,137
,Avrel-Owona,136
,HonorineNgwi,135
,akinason,134
,OkonoWil,134
,Rushclin,133
,Rodriq,133
,de-lia,133
,ROOT-017,133
,AtudJerry,132
,AlexNguetcha,132
,lontsimesmer,132
,itzomen,132
,sonedayan,130
,etiennegwiavander,129
,yannmarc,129
,PrimeClet,128
,xinodeprinz,127
,NjohPrince,126
